bv2022;nb_docteurs_pondere;population_2023_bv
01004;2.0;49316.0
01033;0.25;30736.0
01034;3.142857143;25915.0
01053;6.5;86806.0
01072;0.5;18262.0
01093;0.0;17622.0
01138;0.0;9764.0
01143;0.166666667;11353.0
01160;1.05952381;26329.0
01173;0.0;28992.0
01185;0.25;9277.0
01202;0.0;13027.0
01244;0.333333333;24628.0
01262;3.816666665;25905.0
01265;0.0;18790.0
01266;0.0;22441.0
01283;3.73809524;45765.0
01304;1.433333333;4647.0
01305;0.0;21771.0
01333;0.0;10794.0
01354;0.166666667;35803.0
01443;0.0;9207.0
01457;0.0;11700.0
02095;0.0;23625.0
02163;0.0;9013.0
02168;0.666666667;43246.0
02173;2.0;32194.0
02305;0.0;5663.0
02360;0.0;6378.0
02361;0.0;21823.0
02381;0.0;26284.0
02408;2.033333332;74864.0
02468;0.0;5294.0
02502;0.0;4681.0
02558;0.0;15452.0
02691;10.499999997;89039.0
02722;5.416666667;75185.0
02738;0.0;38543.0
02789;0.0;9057.0
02810;0.0;30011.0
03036;0.0;6978.0
03082;0.0;21421.0
03102;0.0;9817.0
03118;0.0;25062.0
03138;0.999999999;14494.0
03185;6.0;76090.0
03186;0.0;3121.0
03190;2.6666666660000002;63214.0
03254;0.5;16117.0
03298;0.0;6984.0
03310;6.499999999;91504.0
04019;0.5;6626.0
04049;0.333333333;18017.0
04070;0.666666666;27682.0
04088;0.333333333;17151.0
04094;0.0;15633.0
04112;4.238095237;40800.0
04143;0.0;8366.0
04166;0.0;10323.0
04173;0.0;9592.0
04209;0.0;17439.0
05006;0.0;5477.0
05023;1.0;19882.0
05040;0.0;12465.0
05046;0.5;13385.0
05061;6.333333333;55177.0
05065;0.0;7991.0
05070;0.0;8355.0
05132;0.0;7835.0
05170;2.333333336;6962.0
05179;0.0;11071.0
06029;46.333333328;411376.0
06033;1.0;44775.0
06048;2.166666665;17795.0
06083;6.3333333320000005;80492.0
06088;71.774999983;569035.0
06099;0.125;9039.0
07010;1.3333333330000001;49868.0
07019;4.666666666;55377.0
07042;0.0;13113.0
07064;0.0;9092.0
07110;0.0;10117.0
07129;0.0;7538.0
07132;0.0;5102.0
07186;1.7;31036.0
07201;0.0;6296.0
07324;0.0;42694.0
07330;0.0;5247.0
07334;0.0;9466.0
07338;0.0;3582.0
07341;0.0;5142.0
07349;0.0;14820.0
08090;0.0;9424.0
08105;8.0;98012.0
08185;0.0;5548.0
08190;0.0;14080.0
08302;0.0;5966.0
08328;0.0;8089.0
08362;1.0;36885.0
08363;0.0;14798.0
08409;0.0;50590.0
08490;0.0;16835.0
09122;0.0;21751.0
09160;0.0;20859.0
09167;0.0;9994.0
09185;0.0;8993.0
09194;0.0;7443.0
09225;1.6666666660000002;45579.0
09261;2.333333333;26686.0
09282;2.866666667;5576.0
09306;0.0;15328.0
10003;0.0;14845.0
10006;0.0;13823.0
10033;1.0;13898.0
10034;0.0;17013.0
10064;0.0;9785.0
10268;0.0;15822.0
10323;1.916666666;38107.0
10387;9.98333333;190980.0
11049;0.0;15883.0
11069;8.916666667;91821.0
11076;0.583333333;23977.0
11106;0.0;13352.0
11203;1.577380953;37836.0
11206;0.5;26216.0
11262;7.648809526;103375.0
11266;0.0;5852.0
11304;0.0;14356.0
11379;0.0;12439.0
11397;0.0;8501.0
12052;0.0;8088.0
12056;0.0;7627.0
12089;0.0;19358.0
12096;0.0;16889.0
12119;0.0;11051.0
12120;0.0;5436.0
12133;0.0;20985.0
12138;0.0;12908.0
12145;2.107575757;39456.0
12148;0.0;5584.0
12169;0.0;4635.0
12197;0.0;10438.0
12198;0.0;5578.0
12199;0.0;4057.0
12202;8.166666667;56007.0
12208;2.0;22057.0
12224;0.0;3969.0
12270;0.0;5091.0
12300;3.0;29422.0
13001;45.583333322;362569.0
13004;7.9583333320000005;58062.0
13022;0.333333333;19332.0
13035;0.0;7119.0
13037;0.0;9039.0
13047;1.333333336;60154.0
13050;1.25;20814.0
13051;0.0;9915.0
13053;0.0;17001.0
13054;6.083333336;69220.0
13055;106.499999985;1080313.0
13056;4.083333336;70275.0
13063;0.75;36546.0
13074;0.0;11406.0
13078;0.0;8573.0
13080;0.0;6292.0
13084;1.0;15628.0
13088;0.0;11003.0
13096;0.0;2433.0
13097;1.5;23975.0
13100;3.0;10163.0
13103;9.333333333;62191.0
13104;2.0;13276.0
13105;0.0;9022.0
14020;0.0;15166.0
14027;0.0;7783.0
14047;2.0;51349.0
14118;22.533333331;292114.0
14174;0.0;14574.0
14191;0.0;16829.0
14225;0.25;21663.0
14228;0.0;21721.0
14257;0.0;9118.0
14258;0.0;32385.0
14333;1.6666666669999999;18082.0
14342;0.0;7033.0
14366;4.666666667;44729.0
14371;0.0;6373.0
14431;0.0;11696.0
14478;0.0;5991.0
14488;0.0;16239.0
14514;0.0;14371.0
14654;0.0;9839.0
14689;0.0;14117.0
14712;0.0;7403.0
14715;3.833333333;21045.0
14752;1.0;18287.0
14762;2.6666666660000002;39521.0
15014;3.0;71037.0
15119;0.0;4761.0
15120;1.0;13699.0
15122;0.0;9049.0
15138;0.0;7799.0
15162;0.0;8044.0
15187;0.0;21399.0
15258;0.0;4077.0
16015;5.499999999;138356.0
16028;2.267857143;20435.0
16070;0.0;11083.0
16073;0.0;11127.0
16078;0.0;20786.0
16085;0.0;10822.0
16090;0.0;10434.0
16102;4.2;44399.0
16106;0.677777778;11121.0
16167;0.0;23003.0
16206;0.0;12981.0
16281;1.333333332;22338.0
16292;0.0;15494.0
16366;0.0;4942.0
17003;0.0;24897.0
17024;0.0;5491.0
17093;0.0;6595.0
17131;0.0;13686.0
17140;0.0;3199.0
17161;1.0;17961.0
17168;0.0;6633.0
17172;0.0;7949.0
17197;0.458333333;22528.0
17218;0.333333333;18207.0
17219;0.0;11785.0
17224;0.0;11796.0
17236;0.0;4320.0
17240;0.0;10214.0
17241;0.0;11591.0
17283;0.0;11407.0
17299;3.633333333;68012.0
17300;22.049999994;179466.0
17306;5.3499999990000005;47609.0
17347;2.0;21685.0
17385;0.0;12774.0
17397;0.0;3447.0
17415;4.4;71868.0
17421;0.0;20266.0
17434;1.749999999;40334.0
17452;0.0;15268.0
18015;0.0;14697.0
18033;7.666666666;120027.0
18057;0.0;6233.0
18087;0.0;7062.0
18108;0.0;8109.0
18109;0.0;4576.0
18127;0.0;4066.0
18141;0.0;14920.0
18197;2.0;31526.0
18207;0.0;12425.0
18223;0.0;5082.0
18242;0.0;8555.0
18279;0.0;43284.0
19010;0.0;10085.0
19028;0.0;12434.0
19031;8.999999998;105011.0
19073;0.0;9979.0
19121;0.333333333;7274.0
19138;0.0;6640.0
19153;0.0;12624.0
19255;0.0;7572.0
19272;3.833333333;34563.0
19275;1.646825397;28664.0
19276;0.0;9627.0
21023;0.0;4797.0
21038;0.333333333;22218.0
21054;1.3333333330000001;43843.0
21154;0.0;17686.0
21231;27.749999995;311165.0
21292;0.0;40921.0
21317;0.75;30993.0
21416;0.0;3403.0
21425;0.5;9549.0
21464;0.25;14457.0
21501;0.0;8266.0
21584;0.0;9664.0
21603;0.0;12080.0
21607;0.0;9474.0
21663;0.0;8637.0
22004;0.0;19159.0
22020;0.0;14295.0
22025;0.0;5635.0
22050;3.083333333;79415.0
22054;0.0;8680.0
22055;0.5;15047.0
22070;1.0;37301.0
22093;2.95;47704.0
22113;4.45;64553.0
22121;0.0;8765.0
22136;1.0;39967.0
22143;0.0;8776.0
22147;0.0;7111.0
22162;0.5;23027.0
22172;0.0;13037.0
22186;0.0;6385.0
22194;0.0;4577.0
22203;0.0;5681.0
22206;0.0;12115.0
22222;0.0;4886.0
22262;0.0;16205.0
22266;0.0;18577.0
22278;11.1;129677.0
22362;1.0;23876.0
23008;0.888888888;19802.0
23013;0.0;5723.0
23025;0.0;3317.0
23030;0.0;8388.0
23031;0.0;6065.0
23075;0.0;5861.0
23076;0.0;5192.0
23096;1.174603176;44054.0
23176;1.0;22676.0
24037;6.035714286;59261.0
24064;0.0;8087.0
24067;2.0;17203.0
24164;1.25;12690.0
24167;0.0;6325.0
24223;0.0;15645.0
24291;0.0;13162.0
24294;1.0;17446.0
24299;0.0;10296.0
24309;0.0;8851.0
24311;0.5;18903.0
24322;12.142857143;102612.0
24352;1.392857143;17512.0
24372;0.75;10829.0
24396;0.25;4063.0
24520;0.0;29257.0
24547;0.0;15877.0
24551;0.0;14310.0
24571;0.0;4712.0
25047;0.0;13756.0
25056;22.999999994;188020.0
25315;0.0;9815.0
25356;0.0;16989.0
25388;5.666666666;136788.0
25411;0.0;31756.0
25434;1.0;15016.0
25462;2.0;63245.0
25463;0.0;14874.0
25495;0.0;9534.0
25512;0.0;6092.0
25527;0.0;20932.0
25532;0.0;10391.0
25578;0.0;26949.0
26037;0.0;13199.0
26063;0.0;4590.0
26064;3.0;14503.0
26108;2.0;21012.0
26113;0.0;11394.0
26114;0.0;7498.0
26116;0.0;6706.0
26165;1.0;29629.0
26176;0.0;6030.0
26198;8.566666665;89691.0
26220;0.0;13642.0
26235;0.5;14900.0
26281;5.983333333;82649.0
26301;0.0;12415.0
26307;0.0;13276.0
26324;0.0;13559.0
26325;0.0;21782.0
26333;0.0;22074.0
26362;16.516666666;150041.0
27016;0.0;16599.0
27051;0.0;9361.0
27056;2.0;33258.0
27065;0.0;11899.0
27103;0.0;21985.0
27105;0.0;5845.0
27112;0.0;8076.0
27116;0.0;16049.0
27165;0.0;14011.0
27170;1.5;3714.0
27198;0.0;8900.0
27226;0.0;11291.0
27229;11.066666664;86162.0
27246;0.0;15562.0
27275;0.0;27483.0
27284;0.5;30843.0
27306;0.0;5745.0
27375;1.5;60097.0
27428;0.5;18133.0
27448;1.2;16796.0
27467;1.2;39452.0
27469;0.0;22649.0
27507;0.0;8825.0
27679;1.7;17079.0
27681;5.333333332;50897.0
28007;0.2;42917.0
28015;0.0;16813.0
28051;0.0;10500.0
28061;0.333333333;16902.0
28085;12.453968253;122352.0
28088;0.5;22116.0
28089;0.0;11924.0
28103;0.0;6620.0
28116;0.0;12854.0
28134;3.6;86991.0
28140;0.0;22536.0
28196;0.0;10983.0
28199;0.0;11493.0
28214;0.0;9835.0
28227;0.0;15406.0
28279;0.0;13701.0
28280;3.983333333;29719.0
28373;0.0;6388.0
28422;0.0;9952.0
29004;0.0;6725.0
29019;26.166666663;231825.0
29020;1.25;11650.0
29024;1.416666666;23636.0
29026;1.666666666;19772.0
29027;0.0;13078.0
29039;1.0833333330000001;37941.0
29042;0.0;16454.0
29046;0.833333333;24392.0
29053;0.0;11377.0
29058;1.0;26204.0
29069;0.0;13407.0
29103;0.333333333;39849.0
29105;0.5;29689.0
29113;0.0;5974.0
29124;3.0;34387.0
29147;0.0;5056.0
29150;0.0;11457.0
29151;5.5;54883.0
29160;0.0;12654.0
29162;0.0;7003.0
29174;0.0;8253.0
29178;0.0;18174.0
29195;0.0;16166.0
29197;0.25;16832.0
29199;0.0;9096.0
29218;0.0;4559.0
29220;1.333333332;38294.0
29232;10.833333328;94542.0
29233;0.25;20460.0
29241;0.0;21483.0
29259;0.25;27297.0
29260;2.5;18452.0
29274;0.0;7215.0
2A004;8.233333331;112643.0
2A041;1.0;6405.0
2A130;1.166666666;11479.0
2A247;2.833333333;20593.0
2A249;0.5;9674.0
2A272;1.5;6067.0
2B033;6.5;78577.0
2B042;3.25;29040.0
2B050;0.0;11288.0
2B096;1.75;14504.0
2B123;0.0;10299.0
2B134;1.0;12708.0
2B207;1.5;17207.0
2B251;0.0;9775.0
2B298;0.0;5227.0
30003;1.25;25727.0
30006;0.0;8283.0
30007;8.208333333;100512.0
30010;0.0;17258.0
30028;1.666666666;51340.0
30029;0.0;6147.0
30032;1.0;53174.0
30034;0.0;8035.0
30037;0.0;5345.0
30047;0.0;11451.0
30061;0.0;6924.0
30062;0.833333333;14886.0
30132;0.5;16380.0
30155;0.0;11255.0
30189;21.933333329;211596.0
30202;0.0;20162.0
30210;0.0;8840.0
30212;0.125;13303.0
30217;0.0;13861.0
30221;0.0;15059.0
30227;0.0;17150.0
30255;1.0;19433.0
30258;0.0;14734.0
30263;0.0;8136.0
30269;0.0;5621.0
30321;0.5;25343.0
30334;1.5;26086.0
30341;0.676190476;17737.0
30344;0.0;16953.0
30350;0.0;11987.0
31033;0.0;22632.0
31042;0.0;5061.0
31066;0.0;12630.0
31080;0.0;5663.0
31106;0.0;7753.0
31107;0.0;22002.0
31135;1.0;15295.0
31202;0.0;9038.0
31232;1.0;24288.0
31239;0.0;4281.0
31324;0.0;5758.0
31358;0.0;10690.0
31390;0.0;21577.0
31396;2.499999998;6101.0
31399;0.0;7096.0
31421;0.0;16622.0
31451;0.0;23389.0
31454;0.0;15126.0
31483;2.5;37397.0
31499;0.0;14769.0
31523;0.0;9366.0
31555;103.283333317;1135224.0
31573;0.0;7956.0
31574;0.0;9535.0
31582;0.0;31238.0
31584;0.0;14545.0
32013;11.566666666;37037.0
32096;0.0;8076.0
32107;1.0;13660.0
32119;1.0;11249.0
32132;0.0;14617.0
32147;0.0;11107.0
32160;1.7595238100000001;24456.0
32208;0.5;5583.0
32233;0.0;2608.0
32242;0.0;8532.0
32249;0.0;6639.0
32256;0.0;9156.0
32296;0.0;5681.0
32319;0.0;7079.0
32344;0.0;4449.0
32410;0.0;9180.0
32462;0.0;11432.0
33005;1.0;20047.0
33011;2.333333333;6482.0
33036;1.0;22914.0
33042;0.2;17109.0
33051;0.5;38766.0
33058;1.511904762;32889.0
33063;112.015476178;991755.0
33081;0.0;14109.0
33104;1.5;16813.0
33108;0.0;20092.0
33114;0.0;24368.0
33138;2.299603175;32377.0
33140;1.0;21642.0
33203;0.333333333;4045.0
33213;0.0;16381.0
33214;0.0;8154.0
33226;0.0;7105.0
33227;9.538888887;41918.0
33236;0.0;12576.0
33240;2.033333333;21045.0
33243;9.835317461;105361.0
33314;0.0;22123.0
33327;0.2;20069.0
33352;0.0;14870.0
33366;2.601190476;53426.0
33402;0.0;29666.0
33478;0.0;5464.0
33498;0.0;9416.0
33506;0.0;7112.0
33514;0.0;8660.0
33529;7.083333331;69991.0
34003;2.333333333;29939.0
34022;0.0;14461.0
34028;0.166666667;17123.0
34031;0.0;21504.0
34032;16.292893217;148420.0
34052;0.0;4309.0
34058;1.5;21625.0
34079;1.50952381;25491.0
34111;4.09090909;19408.0
34114;0.611111111;15025.0
34126;1.6666666669999999;6939.0
34142;1.94090909;15546.0
34145;6.410353533;56078.0
34147;0.0;9797.0
34150;0.0;8414.0
34154;3.7532106769999998;16522.0
34157;0.333333333;18810.0
34162;0.0;5013.0
34172;64.042640681;512583.0
34189;0.0;15303.0
34192;0.0;6133.0
34194;0.0;15346.0
34199;4.0;27139.0
34202;0.0;23550.0
34239;0.5;10389.0
34245;0.0;4266.0
34276;0.5;13834.0
34284;0.0;5685.0
34299;0.0;21244.0
34300;0.0;9002.0
34301;6.627777777;100691.0
34332;0.0;5952.0
35006;0.0;11780.0
35012;0.833333333;30099.0
35037;0.0;11330.0
35068;0.0;19557.0
35069;1.0;18633.0
35085;0.333333333;15209.0
35093;3.0;34899.0
35095;1.116666667;25416.0
35115;5.066666671;46620.0
35125;1.0;17746.0
35126;0.0;27271.0
35136;0.25;29875.0
35152;0.0;16040.0
35162;0.0;9567.0
35168;0.0;8258.0
35176;0.0;8056.0
35177;0.0;14027.0
35184;2.0;13459.0
35188;1.0;35424.0
35196;1.0;15265.0
35207;0.0;15375.0
35219;0.0;7045.0
35223;0.0;10999.0
35236;6.016666671;31092.0
35238;41.86666667;410137.0
35239;0.0;13525.0
35240;0.0;16873.0
35251;0.0;23824.0
35253;0.95;14622.0
35257;0.0;19543.0
35288;8.016666672;74283.0
35297;2.1666666709999998;10726.0
35337;0.0;21106.0
35352;0.333333333;10640.0
35360;4.499999998;47971.0
36001;0.0;4150.0
36006;0.366666667;26798.0
36018;2.0;22495.0
36031;0.0;16594.0
36044;6.833333334;77707.0
36045;0.0;6046.0
36046;1.0;24035.0
36088;1.0;25966.0
36093;0.0;6390.0
36228;1.0;8137.0
37003;1.866666666;26436.0
37011;0.0;8335.0
37014;0.0;10168.0
37027;0.0;19514.0
37031;0.0;10431.0
37062;0.0;4597.0
37063;0.2;15002.0
37072;2.583333333;15200.0
37104;0.0;17755.0
37115;0.0;7732.0
37119;0.0;5374.0
37123;0.916666666;25092.0
37130;0.0;7991.0
37132;3.4166666660000002;20894.0
37159;0.0;13904.0
37196;0.0;7485.0
37226;1.333333332;15049.0
37261;32.899999987;381593.0
38001;0.0;20172.0
38006;0.0;8688.0
38013;0.0;15417.0
38022;0.0;11300.0
38034;0.0;23491.0
38052;1.0;9464.0
38053;8.110805861;86186.0
38085;0.47435897400000004;46440.0
38130;0.487179487;26899.0
38138;0.5;13462.0
38140;1.892857143;14376.0
38185;36.01263736;463600.0
38189;0.0;29797.0
38247;0.0;16062.0
38261;0.23717948700000002;18006.0
38269;0.0;22964.0
38314;0.916666666;21810.0
38315;1.0;25257.0
38337;1.3333333330000001;16664.0
38344;2.2;47851.0
38384;0.0;10000.0
38399;0.333333334;13243.0
38412;0.0;16161.0
38416;0.0;23922.0
38509;1.553846155;38006.0
38511;0.0;20337.0
38517;0.0;12216.0
38544;7.0;82104.0
38545;0.0;19427.0
38548;0.0;11011.0
38553;0.487179487;45334.0
38557;0.0;6915.0
38559;0.0;11782.0
38562;1.076190477;22056.0
38563;3.452380953;63112.0
38565;0.0;12421.0
39013;1.0;5662.0
39056;0.0;10453.0
39097;1.809523811;18907.0
39128;0.0;9965.0
39154;0.0;4842.0
39198;4.05;47757.0
39300;1.6190476219999999;48534.0
39333;0.0;4332.0
39368;0.0;8250.0
39397;0.0;3958.0
39434;0.0;11369.0
39470;1.0;6743.0
39475;0.0;19795.0
39478;0.285714286;21942.0
39487;0.0;6898.0
39500;1.0;14521.0
39526;0.5;12321.0
40001;2.823031134;19939.0
40046;1.499999999;20577.0
40065;7.4396978;15278.0
40075;0.0;5804.0
40088;12.962728935;71113.0
40119;0.0;15270.0
40133;0.0;7183.0
40184;0.0;18731.0
40192;7.562728934;71088.0
40194;0.0;9852.0
40197;0.0;12297.0
40217;0.583333333;20790.0
40224;1.0;21604.0
40233;0.0;4432.0
40245;0.0;7368.0
40282;0.0;9812.0
40284;2.0;24947.0
40296;0.0;9438.0
40310;0.0;20613.0
40313;0.0;10115.0
41018;10.08333333;115486.0
41059;0.0;12021.0
41106;1.0;12768.0
41136;0.666666666;13567.0
41143;0.0;4444.0
41149;0.0;10083.0
41151;2.083333332;16437.0
41167;0.0;6142.0
41173;0.0;7800.0
41194;0.0;36422.0
41198;0.25;11898.0
41232;0.0;8837.0
41242;0.0;15968.0
41269;4.366666666;47880.0
42011;0.0;15118.0
42019;0.0;13918.0
42023;0.0;6488.0
42052;0.0;22018.0
42059;0.0;10132.0
42094;0.0;17356.0
42103;0.0;11377.0
42147;5.416666666;41092.0
42149;0.0;15870.0
42165;0.0;5752.0
42168;0.0;9606.0
42182;0.0;20871.0
42186;0.0;38248.0
42187;7.707692305;89657.0
42204;0.0;6759.0
42218;20.759523808;364028.0
42222;0.0;10259.0
42230;0.0;6958.0
42279;4.366666666;68695.0
43040;0.0;14663.0
43051;0.0;7942.0
43080;0.0;12559.0
43087;0.0;8468.0
43112;0.0;12397.0
43137;0.0;22221.0
43157;8.125;74523.0
43162;0.0;4633.0
43200;0.0;4693.0
43216;0.0;6374.0
43224;0.0;8455.0
43234;0.0;3474.0
43244;0.0;4580.0
43268;1.125;16190.0
44002;0.0;18356.0
44003;3.783333332;35629.0
44015;0.0;17858.0
44036;2.5;32478.0
44043;1.0;27060.0
44051;0.25;8049.0
44055;3.7916666699999997;57413.0
44067;0.0;13727.0
44072;0.842857143;25677.0
44073;0.0;8945.0
44081;0.0;23454.0
44082;0.0;13233.0
44084;0.842857143;23687.0
44087;4.033333331;18231.0
44109;65.903571419;722046.0
44110;0.833333333;21655.0
44113;1.0;18090.0
44120;0.0;11555.0
44129;1.66666667;43793.0
44131;2.2;39085.0
44154;1.66666667;31310.0
44158;2.0;20459.0
44180;0.0;8369.0
44184;9.583333343;125594.0
44186;0.0;22820.0
44188;0.0;27559.0
44195;0.0;30802.0
44209;0.0;20267.0
44212;1.342857142;26553.0
44213;0.0;7587.0
45028;0.0;23429.0
45030;0.0;11610.0
45031;0.0;6879.0
45053;0.5;15789.0
45082;0.0;21332.0
45085;1.0;12329.0
45115;0.0;11441.0
45145;0.0;9442.0
45146;0.0;14962.0
45155;1.3333333330000001;24588.0
45173;0.0;19989.0
45187;0.0;9472.0
45191;0.0;10642.0
45203;0.0;23393.0
45208;4.999999999;69874.0
45224;0.0;21379.0
45234;26.999999995;319071.0
45248;0.0;8814.0
45252;0.5;25420.0
45258;0.0;9117.0
45315;0.0;21486.0
46042;8.185714284;49887.0
46045;0.0;6856.0
46063;0.0;1994.0
46102;1.0;23215.0
46127;0.333333333;20681.0
46128;0.0;9238.0
46143;0.0;3493.0
46225;0.0;19448.0
46251;0.0;26156.0
46309;0.0;12016.0
46330;0.0;3268.0
47001;7.0;113462.0
47004;0.0;11510.0
47052;0.0;13573.0
47057;0.0;5435.0
47106;0.0;22494.0
47157;0.583333333;48019.0
47168;1.0;12185.0
47175;0.0;11096.0
47195;1.0;21884.0
47310;2.0;23532.0
47323;4.25;61732.0
48034;0.0;5761.0
48061;0.0;6418.0
48080;1.0;13718.0
48092;0.5;10060.0
48095;2.0;23520.0
48140;1.0;14839.0
49007;27.350000009;285437.0
49018;0.0;14971.0
49021;0.0;17750.0
49023;1.6666666650000002;23989.0
49050;0.0;12215.0
49054;0.0;10422.0
49063;0.0;9941.0
49080;0.0;14331.0
49092;0.0;25509.0
49099;9.166666662;91693.0
49125;0.0;15367.0
49126;0.0;17162.0
49127;0.0;7872.0
49176;1.499999999;15382.0
49180;0.0;8800.0
49214;0.0;19213.0
49215;0.0;7653.0
49218;0.0;15726.0
49228;0.0;6425.0
49244;0.366666667;25842.0
49248;0.0;17604.0
49261;0.0;9557.0
49283;0.0;9506.0
49301;0.0;29369.0
49307;1.0;16765.0
49328;5.666666666;57487.0
49331;1.950000003;20010.0
49333;0.0;6515.0
49345;0.0;11138.0
49347;0.0;12321.0
49373;0.0;12623.0
50003;0.5;9642.0
50025;4.683333331;41066.0
50031;0.0;4905.0
50074;0.0;6625.0
50076;0.0;14404.0
50082;0.0;10350.0
50099;1.0;16783.0
50129;9.0;107011.0
50147;0.833333333;23490.0
50218;3.899999999;32620.0
50236;0.0;30949.0
50341;0.0;5426.0
50359;0.0;10039.0
50394;0.0;10480.0
50402;0.0;13115.0
50410;0.0;11246.0
50484;0.0;15300.0
50487;0.0;8259.0
50502;5.133333331;66878.0
50539;0.0;6393.0
50582;0.0;4819.0
50601;0.0;11775.0
50615;0.0;23313.0
50639;0.0;21096.0
51030;1.0;7173.0
51108;4.033333333;77003.0
51217;0.5;16487.0
51230;5.0;56101.0
51248;0.0;4184.0
51250;0.0;18427.0
51380;0.0;8153.0
51388;0.0;9355.0
51454;20.266666664;288853.0
51507;1.0;17062.0
51535;0.0;16479.0
51559;0.0;7110.0
51612;0.0;8114.0
51649;1.666666666;34191.0
52060;0.0;5800.0
52093;0.0;6335.0
52121;3.333333332;42276.0
52197;0.0;3739.0
52250;0.0;14108.0
52269;0.333333333;17345.0
52331;0.0;7357.0
52353;0.0;13839.0
52448;1.333333332;48975.0
52550;0.0;7420.0
53003;0.0;3828.0
53062;2.0;33654.0
53077;0.0;6746.0
53084;0.0;9070.0
53096;0.0;15579.0
53097;0.0;24598.0
53107;0.0;5523.0
53130;9.166666666;116258.0
53147;2.0;33342.0
53152;1.0;7499.0
53185;0.0;6224.0
53271;0.0;5516.0
54039;0.0;8767.0
54076;0.0;9302.0
54099;0.0;33667.0
54159;0.0;30207.0
54273;0.0;23554.0
54280;1.0;39010.0
54322;0.0;19374.0
54323;0.5;62837.0
54328;3.0;21101.0
54329;1.0;38846.0
54395;34.416666664;306548.0
54397;0.0;19559.0
54431;2.333333333;47527.0
54528;3.5;51613.0
54563;0.0;8873.0
54580;1.3333333330000001;41715.0
55029;1.6666666669999999;30957.0
55122;1.0;17618.0
55181;0.0;5954.0
55291;0.0;12677.0
55351;0.0;5809.0
55427;0.0;13785.0
55463;0.0;13202.0
55502;0.0;10053.0
55533;0.0;3969.0
55545;0.666666666;42943.0
56001;0.0;9065.0
56003;0.0;5835.0
56007;2.6666666660000002;56272.0
56010;0.333333333;18378.0
56013;0.0;13505.0
56034;0.0;8324.0
56053;0.0;17771.0
56057;0.0;11256.0
56061;0.0;13063.0
56066;1.25;5400.0
56067;0.0;9250.0
56073;0.0;5998.0
56075;0.0;9603.0
56078;0.0;12338.0
56083;2.249999999;45494.0
56091;0.0;10886.0
56098;0.0;30469.0
56117;1.166666666;36507.0
56121;15.83333333;107018.0
56124;0.0;17819.0
56127;0.0;5805.0
56143;0.0;15000.0
56147;0.666666667;13156.0
56152;0.333333334;5607.0
56164;0.0;6790.0
56165;2.0;25655.0
56166;0.0;20936.0
56169;0.0;6096.0
56177;0.0;14254.0
56178;3.8999999990000003;36564.0
56184;3.533333332;22070.0
56186;2.333333333;7543.0
56193;1.0;12566.0
56240;0.5;15733.0
56251;0.0;16319.0
56260;16.23333333;96154.0
57019;2.5;64906.0
57089;0.5;20159.0
57097;0.0;12637.0
57106;1.0;19153.0
57132;0.0;9828.0
57160;1.0;31019.0
57177;0.0;9640.0
57207;0.0;16063.0
57209;0.0;15264.0
57227;5.0;59548.0
57240;0.0;25973.0
57269;0.0;18357.0
57323;0.0;18377.0
57413;0.0;6447.0
57443;0.0;10702.0
57463;23.916666665;286482.0
57483;0.0;15327.0
57540;1.0;13661.0
57556;0.0;10912.0
57572;0.0;10292.0
57589;0.0;10320.0
57606;2.6666666660000002;35955.0
57628;0.0;12643.0
57630;0.0;55389.0
57631;2.333333333;48898.0
57672;13.749999998;189453.0
58059;1.0;16298.0
58062;0.0;10120.0
58079;0.5;20801.0
58083;0.0;8344.0
58086;2.75;40566.0
58095;0.333333333;19609.0
58134;0.0;5515.0
58149;0.0;4664.0
58194;5.7;95304.0
58218;0.0;3731.0
58264;0.0;4670.0
59011;0.0;25599.0
59015;0.0;17444.0
59017;4.124999999;94439.0
59033;0.0;20897.0
59036;0.5;26679.0
59037;0.0;10137.0
59051;0.0;43416.0
59053;0.0;12904.0
59067;0.0;21360.0
59094;0.0;10317.0
59107;0.0;9952.0
59122;10.619047624;89313.0
59136;0.0;13782.0
59139;0.0;36905.0
59168;0.0;11242.0
59172;0.0;77231.0
59178;7.1023809579999995;163006.0
59183;12.166666665;163373.0
59239;0.0;5745.0
59249;1.5;18225.0
59273;0.0;27097.0
59295;6.869047624;33681.0
59324;0.0;16874.0
59331;0.0;9726.0
59350;73.076190473;1079992.0
59375;0.0;7991.0
59392;2.5;85755.0
59400;0.0;43059.0
59449;0.5;24290.0
59462;0.0;6584.0
59466;0.333333333;32495.0
59481;3.0;23690.0
59484;0.0;10809.0
59526;2.0;38950.0
59571;0.0;10564.0
59574;6.9761904789999996;84346.0
59580;0.0;17711.0
59601;0.0;6214.0
59606;13.61904762;174682.0
59616;0.0;39365.0
59653;2.333333332;19504.0
59663;0.0;19863.0
60057;7.9;99581.0
60103;0.0;20005.0
60104;2.133333333;17737.0
60141;5.566666667;38655.0
60143;0.0;9562.0
60157;3.2;28520.0
60159;8.0;108759.0
60175;3.0;114859.0
60176;2.583333333;28654.0
60178;0.0;8310.0
60223;0.0;14825.0
60245;0.0;7364.0
60286;0.0;18259.0
60360;0.0;40128.0
60395;2.0;53623.0
60471;2.0;36595.0
60500;0.0;27221.0
60509;1.0;21917.0
60533;0.0;6827.0
60581;0.0;23961.0
60612;2.866666667;20826.0
60636;0.0;26938.0
60667;0.0;5997.0
61001;3.7916666660000002;63888.0
61006;3.749999999;33889.0
61038;0.0;7786.0
61145;0.9;13315.0
61168;0.0;26481.0
61169;0.0;43605.0
61181;0.0;4036.0
61214;2.5;34927.0
61293;0.325;25739.0
61464;0.0;13250.0
61486;0.0;6670.0
61508;0.333333333;6974.0
62014;0.0;54316.0
62038;0.0;19447.0
62041;9.716666666;125975.0
62045;0.0;9727.0
62048;0.0;68193.0
62057;0.0;17913.0
62060;0.0;6390.0
62080;0.0;18060.0
62108;2.0;23620.0
62119;5.972619051;73915.0
62160;8.166666665000001;103941.0
62178;4.625000003;47549.0
62193;5.499999999;98492.0
62268;0.0;20083.0
62318;2.083333333;31861.0
62361;0.0;8043.0
62364;0.0;6784.0
62397;0.0;9636.0
62447;3.75;17845.0
62497;0.0;13351.0
62498;25.132142863;356405.0
62534;0.0;15931.0
62560;0.0;21841.0
62588;2.0;24195.0
62617;0.0;36546.0
62765;4.0;82261.0
62767;0.0;18973.0
62773;0.0;6637.0
62861;0.0;7829.0
62893;0.0;13099.0
62895;0.0;24945.0
63003;0.0;18004.0
63010;0.0;3197.0
63038;0.0;4458.0
63040;0.0;13717.0
63047;0.0;8252.0
63113;39.499999995;341230.0
63125;0.0;13275.0
63178;2.333333333;59882.0
63195;0.0;11688.0
63214;0.0;10719.0
63283;0.0;3929.0
63284;0.0;23470.0
63285;1.0;4849.0
63300;0.833333333;80841.0
63338;0.0;10295.0
63430;0.0;40765.0
63457;0.0;10599.0
64061;1.4000000000000001;7173.0
64062;0.0;9311.0
64063;0.0;4272.0
64102;25.000503655;216592.0
64160;0.9480311339999999;18231.0
64233;0.0;4996.0
64256;1.198031134;13071.0
64260;1.371108057;30060.0
64320;0.0;2176.0
64331;0.0;4788.0
64371;0.0;13479.0
64393;0.0;6169.0
64410;0.733333334;10666.0
64416;0.0;5912.0
64417;1.4000000000000001;29071.0
64422;2.65;28054.0
64430;2.027472525;34330.0
64445;12.250000001;207512.0
64453;0.0;5406.0
64483;6.916666668;26772.0
64485;1.5;13208.0
64493;1.866666666;12210.0
64495;0.0;10027.0
64499;0.0;16588.0
64526;0.0;8721.0
65025;0.0;12533.0
65031;1.3333333330000001;6992.0
65059;0.0;18210.0
65258;0.983333333;20702.0
65286;3.083333333;22091.0
65295;0.0;2684.0
65304;0.0;6195.0
65440;8.933333332;120254.0
65452;0.0;3738.0
65460;1.0;17674.0
66003;0.0;9876.0
66016;0.0;5705.0
66024;4.0;14514.0
66025;0.0;6091.0
66037;0.0;24293.0
66049;1.0;12082.0
66088;2.166666667;14568.0
66108;0.0;9096.0
66124;0.25;9128.0
66136;23.950000001;242694.0
66144;0.0;13008.0
66148;0.0;6774.0
66149;2.3333333339999998;17615.0
66171;4.0;66685.0
66180;4.7023809530000005;34781.0
66210;2.500000001;19519.0
67021;1.2;18664.0
67028;0.0;24634.0
67061;0.0;7760.0
67067;2.0;23340.0
67095;0.0;14139.0
67106;0.0;9689.0
67130;1.10952381;20254.0
67152;0.0;11924.0
67180;15.792857142;94323.0
67202;1.1;16969.0
67205;0.0;8396.0
67222;1.3333333330000001;15226.0
67281;0.0;11791.0
67282;0.0;12596.0
67283;0.0;6057.0
67300;0.7;43735.0
67348;1.45;22947.0
67372;0.0;14223.0
67388;1.0;24233.0
67411;1.0;14263.0
67434;1.0;6722.0
67437;2.033333333;28588.0
67448;1.585714286;26926.0
67462;4.792857143;49801.0
67463;0.0;17837.0
67474;0.0;22423.0
67482;62.416666666;513754.0
67495;0.25;14409.0
67507;0.0;11335.0
67519;0.333333333;13783.0
67520;1.616666667;15071.0
67544;1.0;14197.0
67550;0.0;12215.0
68004;3.0;14483.0
68063;0.0;24653.0
68066;20.833333333;143525.0
68068;0.0;19265.0
68082;0.0;25490.0
68112;1.0;41906.0
68138;0.0;28074.0
68162;0.0;15889.0
68201;0.0;19036.0
68224;22.166666666;274243.0
68226;0.0;17212.0
68269;1.5;16092.0
68287;1.166666666;12493.0
68297;3.0;61108.0
68298;0.0;9756.0
68309;0.5;28101.0
68334;0.5;29858.0
69006;0.0;15703.0
69010;1.0;29048.0
69018;0.0;8459.0
69019;0.7;49818.0
69024;0.0;12068.0
69064;0.0;19734.0
69066;0.0;7846.0
69091;3.216666667;60990.0
69112;2.599999999;32800.0
69123;136.680036621;1492956.0
69141;2.0;22142.0
69143;0.0;40672.0
69201;0.0;6481.0
69220;0.0;7888.0
69227;0.5;10621.0
69238;0.0;10500.0
69243;1.8333333330000001;27955.0
69248;0.0;9234.0
69264;10.349999999;135328.0
69287;0.0;12775.0
70198;0.0;5305.0
70279;0.0;23043.0
70285;0.0;21335.0
70292;0.0;12918.0
70310;0.2;39066.0
70311;2.0;25847.0
70334;0.0;14738.0
70421;0.0;14983.0
70447;0.0;12251.0
70467;0.0;10281.0
70550;2.0;49559.0
70561;0.0;4120.0
71014;2.833333333;29572.0
71047;0.0;11283.0
71073;0.0;16633.0
71076;13.271428574;118249.0
71090;0.0;17694.0
71106;0.0;9221.0
71120;0.0;11953.0
71133;0.0;9321.0
71137;0.0;22222.0
71153;2.0;42898.0
71176;2.0;14236.0
71192;0.0;5249.0
71221;0.25;11828.0
71230;0.0;12234.0
71263;1.0;23263.0
71270;8.583333332;90253.0
71275;0.0;6027.0
71306;1.5;47369.0
71310;2.0;10361.0
71342;0.25;17555.0
71351;0.0;5605.0
71417;0.0;5351.0
71419;0.0;9659.0
71512;0.0;6863.0
71543;0.0;19759.0
72029;0.0;7387.0
72039;0.0;10908.0
72068;0.0;9335.0
72071;0.7250000000000001;15389.0
72089;0.0;8142.0
72090;0.0;20627.0
72124;0.0;19588.0
72132;0.666666666;25108.0
72138;0.0;9128.0
72143;0.0;6591.0
72154;0.65;23829.0
72168;0.0;10586.0
72176;0.0;7497.0
72180;0.0;13728.0
72181;20.058333335;271269.0
72189;0.0;4666.0
72213;0.0;12563.0
72231;0.0;8645.0
72264;0.583333333;32644.0
72269;1.0;14871.0
72334;0.0;8675.0
72346;0.0;27085.0
72373;0.0;4829.0
73006;1.0;8221.0
73008;10.292857142;57334.0
73010;0.0;11848.0
73011;4.5;49250.0
73034;0.0;3425.0
73054;0.0;13517.0
73055;0.0;6717.0
73065;13.987179486;147459.0
73157;0.0;8414.0
73171;0.0;8493.0
73181;0.0;18488.0
73215;0.0;9390.0
73236;0.0;9850.0
73248;2.0;27329.0
73270;0.0;16571.0
73303;0.0;8826.0
73304;0.0;3486.0
73330;0.0;7851.0
74010;18.185714281;211658.0
74012;8.33333333;118644.0
74042;3.783333333;27516.0
74043;0.0;8547.0
74056;0.5;12673.0
74081;1.166666666;53371.0
74096;0.0;18476.0
74105;0.0;21912.0
74123;2.333333331;16413.0
74137;0.0;16809.0
74191;0.0;8712.0
74220;0.0;14589.0
74224;0.333333333;23303.0
74225;0.916666666;43980.0
74236;0.0;14497.0
74243;2.166666667;51232.0
74256;2.5;34532.0
74258;0.0;4488.0
74269;1.142857143;12675.0
74276;0.0;8416.0
74280;0.0;15194.0
74281;7.3333333320000005;113425.0
74311;0.0;14845.0
75056;873.4626983320001;10760070.0
76034;0.916666666;15332.0
76035;0.0;17667.0
76057;3.033333333;32678.0
76101;0.0;11496.0
76114;0.333333333;26122.0
76146;0.0;7932.0
76159;0.0;12773.0
76164;0.0;10976.0
76196;0.0;13178.0
76217;5.25;70339.0
76219;0.0;8488.0
76222;0.0;20827.0
76255;0.0;28201.0
76258;0.0;8959.0
76259;0.5;40987.0
76276;0.0;12940.0
76302;2.083333333;11953.0
76312;0.5;21446.0
76351;9.916666666;234852.0
76400;0.0;11583.0
76462;1.583333332;16871.0
76476;1.3333333330000001;33443.0
76482;0.0;12582.0
76540;35.316666659;547768.0
76647;0.0;17700.0
76648;0.0;5775.0
76655;0.0;8648.0
76752;0.0;8945.0
76758;6.733333335;31376.0
77051;0.0;7385.0
77053;0.5;43429.0
77088;0.0;6495.0
77100;0.0;8956.0
77118;0.0;22937.0
77131;2.0;59857.0
77142;0.0;12333.0
77153;0.0;39051.0
77171;0.0;25297.0
77182;0.0;21576.0
77183;2.1666666660000002;32694.0
77186;6.833333331;55409.0
77192;0.0;26599.0
77268;0.0;19281.0
77284;4.8333333320000005;128582.0
77288;8.899999999;117796.0
77305;3.5833333310000004;60285.0
77316;1.0;29966.0
77327;0.0;35200.0
77333;1.999999999;38199.0
77379;1.8166666660000002;37394.0
77393;1.0;7714.0
77407;1.0;38190.0
77437;0.0;4822.0
77458;0.0;12782.0
77470;1.666666666;23991.0
78029;2.166666667;16918.0
78089;0.0;17792.0
78217;1.25;38408.0
78220;0.0;10397.0
78267;0.0;19376.0
78310;1.055555555;26405.0
78361;8.166666666;123286.0
78420;0.5;6561.0
78455;0.5;21586.0
78486;0.5;9902.0
78513;0.0;8402.0
78517;4.420634918;32883.0
78537;0.0;15513.0
79005;0.0;9960.0
79048;0.0;10467.0
79049;1.95;31627.0
79061;0.0;9462.0
79062;0.0;13674.0
79079;0.0;10611.0
79083;0.0;6661.0
79101;0.0;10853.0
79174;0.0;18941.0
79179;0.166666667;12491.0
79191;14.149999998;127944.0
79195;0.0;7509.0
79202;0.0;36228.0
79270;0.0;26848.0
79307;0.0;5628.0
79311;0.0;3885.0
79329;1.0;34326.0
80001;7.7666666630000005;47021.0
80010;0.0;5388.0
80013;0.0;9764.0
80016;1.0;29062.0
80021;23.666666659;215290.0
80211;0.0;6836.0
80212;0.0;15575.0
80222;0.0;5403.0
80253;0.766666667;26623.0
80318;0.0;18300.0
80368;0.0;24849.0
80373;0.0;8201.0
80410;0.0;20946.0
80561;0.0;11716.0
80570;0.0;12164.0
80606;0.0;5926.0
80620;0.0;26113.0
80630;0.0;5965.0
80680;0.0;16647.0
80685;0.0;15903.0
80688;0.0;12179.0
80721;0.0;8609.0
80799;0.0;8522.0
81003;0.0;3341.0
81004;10.749999999;102999.0
81060;0.0;26637.0
81065;4.416666667;82452.0
81099;2.583333333;37336.0
81105;2.0;20119.0
81120;0.0;7198.0
81124;0.0;7198.0
81140;3.366666667;19930.0
81163;2.166666667;29629.0
81219;0.0;9514.0
81220;2.642857143;11256.0
81222;0.0;11135.0
81271;0.0;12618.0
82013;0.0;11849.0
82033;3.009523808;25235.0
82037;0.642857143;21526.0
82075;0.0;7317.0
82087;0.0;7312.0
82112;0.0;23034.0
82121;10.926190472;101767.0
82125;0.0;10253.0
82134;0.0;13983.0
82155;0.0;8166.0
82186;0.333333333;20278.0
82190;0.0;10033.0
83007;1.2;2814.0
83012;0.0;10737.0
83019;2.0;15191.0
83023;2.0;26721.0
83032;0.0;9194.0
83036;0.0;12615.0
83042;0.5;13836.0
83050;5.049999999;84408.0
83055;1.2;17908.0
83061;20.983333331;108209.0
83064;0.0;14806.0
83071;0.0;10584.0
83072;0.0;13350.0
83073;2.4166666660000002;25301.0
83081;0.0;11006.0
83091;0.0;6084.0
83104;0.0;5166.0
83106;0.0;11214.0
83107;0.0;15442.0
83115;2.6666666660000002;23692.0
83116;2.619047619;33906.0
83119;1.976190476;8157.0
83121;0.0;6901.0
83137;67.374999992;627661.0
83148;0.0;14553.0
84003;2.0;27462.0
84007;18.041666662;255172.0
84019;0.333333333;27765.0
84031;6.583333333;95470.0
84035;2.833333333;56329.0
84054;2.333333333;33765.0
84071;1.75;11310.0
84087;5.166666665;62276.0
84089;0.583333333;34703.0
84106;0.0;12093.0
84123;0.0;5703.0
84133;0.0;8280.0
84137;2.0;19303.0
84138;0.0;21695.0
85003;1.4000000000000001;21573.0
85018;0.0;13388.0
85019;0.0;8659.0
85020;0.0;7184.0
85035;0.0;8337.0
85047;5.717857142;50909.0
85051;0.0;17971.0
85059;0.0;15602.0
85084;0.0;15642.0
85092;2.9;39400.0
85109;4.658333332;39909.0
85113;0.25;4883.0
85128;1.5;36095.0
85146;2.4166666660000002;56765.0
85151;0.0;18266.0
85152;0.0;11344.0
85156;1.4000000000000001;8958.0
85163;1.0;9342.0
85178;0.0;10660.0
85182;0.0;22698.0
85191;6.499999999;108874.0
85194;5.8;59578.0
85215;0.0;7753.0
85223;0.0;7055.0
85226;1.4000000000000001;42927.0
85234;0.0;13568.0
85288;0.0;23128.0
85294;0.0;7264.0
86066;1.5;76462.0
86070;0.0;17241.0
86078;0.0;12757.0
86082;0.0;8892.0
86092;0.0;6702.0
86103;0.0;8957.0
86112;0.0;3905.0
86128;0.0;6948.0
86137;0.0;17902.0
86139;0.0;10634.0
86140;0.0;10221.0
86165;0.0;11387.0
86177;0.0;25416.0
86194;19.499999999;194485.0
86293;0.0;7757.0
86294;0.0;12927.0
87001;0.0;14311.0
87002;0.0;10914.0
87011;1.263492064;17091.0
87014;0.0;9138.0
87032;0.0;6425.0
87064;0.5;15937.0
87085;14.740476193;237463.0
87106;0.0;5866.0
87126;0.0;14570.0
87154;4.757936509;23483.0
87161;0.5;11000.0
87187;1.816666667;15061.0
88075;0.0;10406.0
88078;0.0;15245.0
88090;0.0;18932.0
88114;0.333333333;10920.0
88160;6.0;87747.0
88181;0.0;11449.0
88196;0.0;11137.0
88304;0.0;18002.0
88321;0.0;31230.0
88367;0.0;13801.0
88372;0.0;23190.0
88383;2.5;36048.0
88408;0.0;4152.0
88413;1.142857143;38899.0
88468;0.0;12189.0
88486;0.0;6934.0
88487;0.0;4149.0
88516;0.0;8245.0
88530;0.0;9173.0
89003;0.0;8715.0
89024;2.333333333;81142.0
89025;0.0;25834.0
89068;0.0;7830.0
89086;0.0;12405.0
89206;0.0;15280.0
89257;1.0;20468.0
89309;0.5;14042.0
89345;0.0;21276.0
89368;0.0;3722.0
89387;5.033333333;69474.0
89418;0.75;15821.0
89419;0.0;15032.0
89464;0.0;16077.0
90010;15.166666665000001;96374.0
90033;1.0;18884.0
90052;0.0;6513.0
91016;0.0;19505.0
91021;6.166666666;48271.0
91045;0.0;28314.0
91105;0.0;25796.0
91200;0.0;20847.0
91223;3.5;42205.0
91226;0.0;20556.0
91232;0.5;17941.0
91338;0.0;30513.0
91376;0.0;7270.0
91405;0.0;17295.0
95250;1.0;38355.0
95313;3.999999999;27500.0
95351;0.0;18529.0
95355;0.0;16617.0
95370;0.0;11328.0
95487;1.0;63341.0
95652;2.333333332;20630.0
97101;13.0;262309.0
97105;6.0;50499.0
97106;0.0;11889.0
97107;1.0;17684.0
97112;0.0;10350.0
97122;0.0;10019.0
97129;1.0;21410.0
97209;13.0;117525.0
97213;3.0;39400.0
97222;6.0;146066.0
97225;0.0;15907.0
97228;1.0;41732.0
97302;5.0;172375.0
97304;0.0;29401.0
97311;0.0;92220.0
97404;0.75;26000.0
97409;0.333333333;66153.0
97410;3.333333333;65109.0
97411;10.033333333;218278.0
97412;1.5;57356.0
97413;2.083333333;36163.0
97414;3.2;59981.0
97415;19.266666665;185846.0
97416;14.499999998;174793.0
97608;0.0;0.0
97611;0.0;0.0
BV2022;0.0;0.0
